Review Name,Review Text,Review Time,Rating
NgÃ¢n Pháº¡m Kim ChÃ¢u,Gá»i Ä‘iá»‡n nhá» tÆ° váº¥n mÃ  nhÃ¢n viÃªn khÃ´ng tÆ° váº¥n rÃµ rÃ ng cho khÃ¡ch mÃ  cÃ²n nÃ³i chuyá»‡n vá»›i thÃ¡i Ä‘á»™ chÃ¡n ghÃ©t khÃ¡ch Äƒn nÃ³i thiáº¿u chuyÃªn nghiá»‡p cáº§n pháº£i coi láº¡i,5 thÃ¡ng trÆ°á»›c,1 sao
Hanh Pham,Nam nhÃ¢n viÃªn tÆ° váº¥n bÃ¡n hÃ ng Äƒn nÃ³i xáº¥c lÃ¡o máº¥t dáº¡y.. nÃ³i chuyá»‡n vá»›i khÃ¡ch hÃ ng tá»± ngáº¯t ngang Ä‘iá»‡n thoáº¡iâ€¦ cáº§n cháº¥n chá»‰nh láº¡i,5 thÃ¡ng trÆ°á»›c,1 sao
LiÃªm Nguyá»…n Thanh,"Gá»i cho tá»•ng Ä‘Ã i thÃ¬ táº¥t cáº£ tá»•ng Ä‘Ã i viÃªn Ä‘á»u báº­n , gá»i qua cho bÃªn chi nhÃ¡nh nÃ y do tháº¥y gáº§n Ä‘/c nhÃ  nháº¥t . Báº¯t mÃ¡y khÃ¡ch chá»‰ vá»«a há»i yÃªu cáº§u há»— trá»£ Ä‘Æ°á»ng truyá»n thÃ¬ báº£o khÃ¡ch liÃªn há»‡ láº¡i tá»•ng Ä‘Ã i rá»“i cÃºp mÃ¡y ngang ? Cho dá»‹ch vá»¥ cá»§a fpr lÃ  nhÆ° váº­y hay sao ? LÃ m Äƒn vá»› va vá»› váº«n nhÆ° váº­y thÃ¬ chá»‹u ğŸ™„ â€¦",6 thÃ¡ng trÆ°á»›c,1 sao
Hoang Pham,"Máº·t báº±ng rá»™ng rÃ£i, trang trÃ­ Ä‘áº¹p, nhÃ¢n viÃªn lÃ m viá»‡c táº­n tÃ¬nh, chuyÃªn nghiá»‡p.",2 nÄƒm trÆ°á»›c,5 sao
Le Minh Tuan,"Má»›i gá»i há»“i sÃ¡ng, trÆ°a nay Ä‘Ã£ cÃ³ nhÃ¢n viÃªn qua báº¯t, mÃ¬nh chá»n gois~300k, tháº¥y sÃ³ng lÆ°á»›t vi vu, máº¡nh láº¯m. Ai láº¯p máº¡ng fpt á»Ÿ tÃ¢n bÃ¬nh thÃ¬ cá»© gá»i bÃªn nÃ y, Ä‘Ã³ng 6 thÃ¡ng cÃ³ giáº£m giÃ¡ Ã¡",5 nÄƒm trÆ°á»›c,5 sao
Nhat Le Trieu,Äá»‹a Ä‘iá»ƒm láº¯p máº¡ng fpt uy tÃ­n táº¡i quáº­n tÃ¢n bÃ¬nh. tÃ´i Ä‘Ã£ láº¯p máº¡ng á»Ÿ Ä‘á»‹a chá»‰ 24 Ä‘Æ°á»ng phan huy Ã­ch vÃ  sá»­ dá»¥ng Ä‘Æ°á»£c 2 nÄƒm. cáº£m tháº¥y ráº¥t hÃ i lÃ²ng vá»›i dá»‹ch vá»¥ fpt tÃ¢n bÃ¬nh,5 nÄƒm trÆ°á»›c,5 sao
Jason Pham,thÆ°Æ¡ng hiá»‡u ráº» tiá»n cho Ä‘i dÃ¡n báº­y tÃ¹m lum,má»™t nÄƒm trÆ°á»›c,1 sao
Trong Cao,muá»‘n mua hÃ ng mÃ  nhÃ¢n viÃªn tÆ° váº¥n ráº¥t tá»‡,má»™t nÄƒm trÆ°á»›c,1 sao
Ngá»c,"ThÃ¡i Ä‘á»™ nhÃ¢n viÃªn thiáº¿u chuyÃªn nghiá»‡p, láº¯p Ä‘áº·t cháº­m. KhÃ´ng bao giá» dÃ¹ng máº¡ng fpt",2 nÄƒm trÆ°á»›c,1 sao
VÄƒn Nguyá»…n,"Láº¯p Ä‘áº·t nhanh chÃ³ng, nhÃ¢n viÃªn tÆ° váº¥n nhiá»‡t tÃ¬nh. Cáº£m Æ¡n sá»± há»£p tÃ¡c cá»§a cÃ¡c báº¡n. ChÃºc cÃ¡c báº¡n thÃ nh cÃ´ng.",5 nÄƒm trÆ°á»›c,5 sao
Nguyá»…n VÄƒn Long,Dá»‹ch vá»¥ lÃ m Äƒn nhÆ° lá»«a Ä‘áº£o thu tiá»n xong khÃ´ng chá»‹u qua láº¯p Ä‘áº·t cho khÃ¡ch,5 nÄƒm trÆ°á»›c,1 sao
Long Huynh,NhÃ¢n ViÃªn Táº­n TÃ¬nh. ChuyÃªn nghiá»‡p. GiÃ¡ CÆ°á»›c Tá»‘t Nháº¥t Khu Vá»±c. Like,5 nÄƒm trÆ°á»›c,5 sao
hunguyendinh thaonamcuc,"Ä‘á»‹a Ä‘iá»ƒm chÃ­nh xÃ¡c cá»§a fpt quáº­n tÃ¢n bÃ¬nh, tÃ´i Ä‘Ã£ ghÃ© vÄƒn phÃ²ng á»Ÿ Ä‘Ã¢y",4 nÄƒm trÆ°á»›c,4 sao
Sang Äá»— Thanh,Máº¡ng quÃ¡ tá»‡,má»™t nÄƒm trÆ°á»›c,1 sao
vu tran,Nhan vien tá»« váº«n nhiá»‡t tinh vui ve,5 nÄƒm trÆ°á»›c,5 sao
Dzung Kiá»u,Tá»›i nÃ¢ng cáº¥p tá»‘c Ä‘á»™ máº¡ng lÃªn gÃ³i 60mb,3 nÄƒm trÆ°á»›c,5 sao
Khang Tran,Láº¯p máº¡ng fpt dÃ¹ng á»•n Ä‘á»‹nh láº¯m nha,4 nÄƒm trÆ°á»›c,5 sao
sa kim,NhÃ¢n viÃªn tÆ° váº¥n nhiá»‡t tÃ¬nh,3 nÄƒm trÆ°á»›c,5 sao
Láº¯p Máº¡ng FPT,Tuyá»‡t vá»i Ã´ng máº·t trá»i,5 nÄƒm trÆ°á»›c,5 sao
Ngoc Thao Nguyen,Hi fpt xai rat tien,4 nÄƒm trÆ°á»›c,5 sao
mcclure bonner,Giáº£ máº¡o website cÃ´ng ty,4 nÄƒm trÆ°á»›c,1 sao
Khang Tran,Äá»‹a Ä‘iá»ƒm uy tÃ­n,4 nÄƒm trÆ°á»›c,5 sao
Alex Nguyá»…n,Nhanh chÃ³ng dá»… dÃ ng,3 nÄƒm trÆ°á»›c,4 sao
Khqng Tran,Dich vu tot,4 nÄƒm trÆ°á»›c,5 sao
Tab S6 Samsung,Dia diem fpt tan binh,4 nÄƒm trÆ°á»›c,5 sao
Huan Nguyen,KhÃ´ng cÃ³ bÃ£i Ä‘áº­u xe,3 nÄƒm trÆ°á»›c,4 sao
Máº¡nh Nguyá»…n,Dá»‹ch vá»¥ tá»‘t!,5 nÄƒm trÆ°á»›c,5 sao
namdai cao,Tá»‘t,3 nÄƒm trÆ°á»›c,5 sao
Mai Nguyen,Internet ráº¥t tá»‘t,5 nÄƒm trÆ°á»›c,5 sao
TÃ´i tÃªn Lan,,má»™t nÄƒm trÆ°á»›c,1 sao
ken ken,,má»™t nÄƒm trÆ°á»›c,1 sao
NgÃ¢n Tráº§n,,3 nÄƒm trÆ°á»›c,5 sao
tran tho,,3 nÄƒm trÆ°á»›c,5 sao
Thanh Le Minh,,3 nÄƒm trÆ°á»›c,5 sao
Khoa Do,,3 nÄƒm trÆ°á»›c,5 sao
ThÃ³n Cháº£y,,3 nÄƒm trÆ°á»›c,5 sao
Aa Ss,,3 nÄƒm trÆ°á»›c,5 sao
Nam Nguyá»…n,,4 nÄƒm trÆ°á»›c,5 sao
LÃ¢n Nguyá»…n Há»“ng,,5 nÄƒm trÆ°á»›c,5 sao
CÃ´ng TÃº VÄƒn,Ráº¥t tuyá»‡t,2 thÃ¡ng trÆ°á»›c,5 sao
CÃ´ng Ty TNHH TM ITN (Linhkienmang.net),"Phong cÃ¡ch lÃ m viá»‡c chuyÃªn nghiá»‡p vÃ  nÄƒng Ä‘Ã´ng, Ã¡p lá»±c khÃ´ng nhá», nÆ¡i Æ°Æ¡m máº§m tuá»•i tráº»,",2 nÄƒm trÆ°á»›c,4 sao
Kiá»‡t Vlogs,NhÃ¢n viÃªn dá»… thÆ°Æ¡ng Ä‘áº¹p ngÆ°á»i Ä‘áº¹p náº¿t,5 nÄƒm trÆ°á»›c,4 sao
HoÃ ng LÃª Huy,"ChuyÃªn nghiá»‡p, hiá»‡n Ä‘áº¡i, an ninh an toÃ n tá»‘t",3 nÄƒm trÆ°á»›c,5 sao
Thiá»‡n Äá»©c,CÆ¡ sá»Ÿ Ä‘áº¹p,má»™t nÄƒm trÆ°á»›c,5 sao
Thanh QuÃ¡ch Minh,Ráº¥t Ä‘áº¹p thoÃ¡ng mÃ¡t,3 nÄƒm trÆ°á»›c,5 sao
TV,Nv nhiá»‡t tÃ¬nh,5 nÄƒm trÆ°á»›c,5 sao
Tronghien TrÃ¢n,CÃ´ng ty cÃ´ng nghá»‡ fpt,6 nÄƒm trÆ°á»›c,3 sao
canh nguyen,tá»‘t,má»™t nÄƒm trÆ°á»›c,5 sao
doan tan,tá»‘t,7 nÄƒm trÆ°á»›c,5 sao
LÃª Nguyá»…n NghÄ©a,Ráº¥t tá»‘t!,7 nÄƒm trÆ°á»›c,5 sao
Gogo far away,ÄÆ°á»£c rá»“i,7 nÄƒm trÆ°á»›c,3 sao
quoc nguyen,Tá»‘t,5 nÄƒm trÆ°á»›c,5 sao
TÃ¹ng LÃª,Giá»‘ng,7 nÄƒm trÆ°á»›c,5 sao
LÃ½ Phan,,2 thÃ¡ng trÆ°á»›c,4 sao
Ly Trung Tuan,,7 thÃ¡ng trÆ°á»›c,1 sao
Pháº¡m Háº£i (Hai Pham),,má»™t nÄƒm trÆ°á»›c,5 sao
Chen Luis,,má»™t nÄƒm trÆ°á»›c,5 sao
VNPT Cáº§n ThÆ¡,,2 nÄƒm trÆ°á»›c,5 sao
HoÃ ng PhÃ¹ng há»¯u,,2 nÄƒm trÆ°á»›c,5 sao
Bryant Rory,,3 nÄƒm trÆ°á»›c,5 sao
Kim Tá»›i LÃª,,3 nÄƒm trÆ°á»›c,4 sao
ThÃ nh CÃ´ng LÃª,,4 nÄƒm trÆ°á»›c,5 sao
Thuáº­n TÄƒng,,4 nÄƒm trÆ°á»›c,5 sao
Beeline Truong,,4 nÄƒm trÆ°á»›c,5 sao
Nguyá»…n Linh,,4 nÄƒm trÆ°á»›c,4 sao
Äáº·ng ChÃ¢u Giang,,5 nÄƒm trÆ°á»›c,4 sao
ChÆ°Æ¡ng Äáº·ng Minh,,5 nÄƒm trÆ°á»›c,4 sao
DÅ©ng VÅ©,,5 nÄƒm trÆ°á»›c,3 sao
Quá»³nh Mai Tráº§n Ä‘áº·ng,,5 nÄƒm trÆ°á»›c,5 sao
Háº£i Nguyá»…n Há»¯u,,5 nÄƒm trÆ°á»›c,3 sao
Hiá»‡p ÄÃ¬nh,Tá»‘t,5 nÄƒm trÆ°á»›c,5 sao
thanhbjnh90,,6 nÄƒm trÆ°á»›c,5 sao
Viáº¿t Nguyá»…n VÄƒn,,6 nÄƒm trÆ°á»›c,5 sao
Minh VÆ°Æ¡ng Äá»—,Tá»‘t,6 nÄƒm trÆ°á»›c,5 sao
Wild Boar,,6 nÄƒm trÆ°á»›c,4 sao
Hung Bich,,6 nÄƒm trÆ°á»›c,5 sao
KhÃ¡nh Long,,6 nÄƒm trÆ°á»›c,5 sao
LÃª BÃ¡ HÃ¢n,,6 nÄƒm trÆ°á»›c,5 sao
Phong Huynh,,6 nÄƒm trÆ°á»›c,5 sao
HungTNT,,6 nÄƒm trÆ°á»›c,5 sao
NghÄ©a DÆ°Æ¡ng,,6 nÄƒm trÆ°á»›c,5 sao
Huy Vinh,,6 nÄƒm trÆ°á»›c,5 sao
TUNG NGUYEN,,6 nÄƒm trÆ°á»›c,2 sao
Quynh Le,,6 nÄƒm trÆ°á»›c,4 sao
mai anhtai,,7 nÄƒm trÆ°á»›c,5 sao
Trung Háº­u Nguyá»…n,,7 nÄƒm trÆ°á»›c,5 sao
LiÃªm Nguyá»…n Thanh,"Internet cháº­p chá»n, chá»¥p áº£nh vÃ  bÃ¡o cho nhÃ¢n viÃªn ká»¹ thuáº­t Nguyá»…n Minh Quang, anh ta báº£o Ä‘á»ƒ kiá»ƒm tra vÃ  bÃ¡o láº¡i, nhÆ°ng qua 2 ngÃ y thÃ¬ khÃ´ng tháº¥y bÃ¡o gÃ¬ háº¿t. Gá»i Ä‘iá»‡n thoáº¡i thÃ¬ khÃ´ng nghe (gá»i cáº£ dt thÆ°á»ng vÃ  qua zalo). TÃ´i Ä‘á» nghá»‹ pháº£i kháº¯c phá»¥c ngay cho tÃ´i. TÃ´i ráº¥t Ä‘á»“ng tÃ¬nh vá»›i nhá»¯ng Ã½ kiáº¿n cho 1 sao.",má»™t thÃ¡ng trÆ°á»›c,1 sao
Duy Huá»³nh,Pháº£n Ã¡nh dá»‹ch vá»¥ báº£o hÃ nh camera. TÆ° váº¥n hÆ°á»›ng giáº£i quyáº¿t. BÃ¡o khÃ¡ch hÃ nh chá» pháº£n há»“i lÃªn trÃªn nhÆ°ng chá» 3 thÃ¡ng khÃ´ng tháº¥y pháº£n há»“i cÅ©ng khÃ´ng gá»i khÃ¡ch hÃ ng thÃ´ng bÃ¡o. LÃ m viá»‡c táº¯c trÃ¡ch. Camera fpt mua báº£o hÃ nh 2 nÄƒm nhÆ°ng 1 nÄƒm há»ng thÃ¬ khÃ´ng báº£o hÃ nh. BÃ¡o báº£o hÃ nh thÃ¬ khÃ´ng cÃ²n sáº£n pháº©m cho tháº¥y fpt bÃ¡n sáº£n pháº©m kÃ©m cháº¥t lÆ°á»£ng. Má»i ngÆ°á»i cáº©n tháº­n,2 thÃ¡ng trÆ°á»›c,1 sao
Thanh Long Vo,"ÄÄƒng kÃ½ dá»‹ch vá»¥ má»›i thÃ¬ hÆ¡n cáº£ tuyá»‡t vá»i CÃ²n huá»· thÃ¬ háº¿t sá»©c khÃ³ khÄƒn, Ä‘iá»u tra: - táº¡i sao há»§y - giá» á»Ÿ Ä‘Ã¢u - sdt bao nhiÃªu NÃ³i chung mua dá»‹ch vá»¥ thÃ¬ nv ráº¥t niá»m ná»Ÿ, cÃ²n Ä‘áº¿n há»§y dá»‹ch vá»¥ Ä‘i rá»“i biáº¿t ha. Náº¿u cÃ³ khÃ´ng ngÃ´i sao, Ã‚m ngÃ´i sao thÃ¬ mÃ¬nh Ä‘Ã£ chá»n .",7 thÃ¡ng trÆ°á»›c,1 sao
KHANG VÃ€ CHEN,"Dá»‹ch vá»¥ lá»«a Ä‘áº£o, tÆ° váº¥n má»—i láº§n má»™t khÃ¡c. TÆ° váº¥n Ä‘á»ƒ khÃ¡ch sá»­ dá»¥ng dv Ä‘Æ°a ra nhiá»u quyá»n lá»£i. NhÆ°ng khi sá»­ dá»¥ng láº¡i láº­t lá»ng, tá»± Ã½ thay Ä‘á»•i, xiáº¿t khÃ¡ch hÃ ng. Tá»± Ã½ thay Ä‘á»•i gÃ³i cÆ°á»›c, ko thÃ´ng bÃ¡o khÃ¡ch hÃ ng ... TrÃ¡ch xa",9 thÃ¡ng trÆ°á»›c,1 sao
TÃ i PhÃ¡p Äáº·ng,"Dá»‹ch vá»¥ tá»‘t, nhÃ¢n viÃªn phá»¥c vá»¥ nhanh chÃ³ng.",2 nÄƒm trÆ°á»›c,4 sao
Tráº§n Quá»‘c HÃ¹ng,"NhÃ¢n viÃªn vui váº», Ä‘á»‹a Ä‘iá»ƒm sáº¡ch mÃ¡t, giá»¯ xe chu Ä‘Ã¡o. Tuy nhiÃªn, chÆ°a biáº¿t viá»‡c chÄƒm sÃ³c khÃ¡ch hÃ ng sau nÃ y tháº¿ nÃ o, nhÆ°ng yÃªu cáº§u KH cam káº¿t sá»­ dá»¥ng dá»‹ch vá»¥ 24 thÃ¡ng lÃ  khÃ´ng giá»‘ng cÃ¡c cty khÃ¡c",2 nÄƒm trÆ°á»›c,4 sao
ThÃ¡i HÃ¢n,"Dá»‹ch vá»¥ máº¡ng internet quÃ¡ tá»‡, nhÃ¢n viÃªn sale tÆ° váº¥n khÃ´ng cÃ³ tÃ¢m áº£nh hÆ°á»Ÿng Ä‘áº¿n cÃ´ng viá»‡c ráº¥t nhiá»u",má»™t nÄƒm trÆ°á»›c,1 sao
Long HÆ°ng VÆ°Æ¡ng,"LÃ m viá»‡c tá»‡ cáº£ chá»¥c nhÃ¢n viÃªn mÃ  chá»‰ cÃ³ 2 ngÆ°á»i khÃ¡ch mÃ¬nh lÃ  3 , 2 nhÃ¢n viÃªn tiáº¿p 2 khÃ¡ch kia cÃ²n láº¡i ngá»“i chÆ¡i tÃ¡m Ä‘á»ƒ cho mÃ¬nh ngá»“i chá» gáº§n 15p mÃ¬nh nhÃ¬n mÃ  tháº¥y bá»±c mÃ¬nh lÃ m sao nÃªn Ä‘á»©ng dáº­y Ä‘i vá» máº¹ cho rá»“i",4 nÄƒm trÆ°á»›c,2 sao
Phan Kuny,"VÃ¬ cÃ´ng viá»‡c ráº¥t gáº¥p, cáº§n chuyá»ƒn Ä‘á»•i Ä‘á»‹a chá»‰. Máº·t dÃ¹ Ä‘áº¿n lÃºc trÆ°a. Anh chá»‹ á»Ÿ Ä‘Ã¢y Ä‘Ã£ hoÃ n táº¥t há»“ sÆ¡n cá»§a tÃ´i. VÃ  ngay ngÃ y hÃ´m sau tÃ´i Ä‘Ã£ cÃ³ máº¡ng sá»­ dá»¥ng cho cÃ´ng viá»‡c cá»§a mÃ¬nh.",9 nÄƒm trÆ°á»›c,5 sao
Kane Huynh,"Phá»¥c vá»¥ nhanh, nhiá»‡t tÃ¬nh, nhÆ°ng váº«n khÃ´ng hÃ i lÃ²ng vá»›i 1 em tÆ° váº¥n á»Ÿ Ä‘Ã¢y, nÃ³i chuyá»‡n giá»‘ng báº¯t khÃ¡ch hÃ ng vÃ o tháº¿ cÃ¹ng. NgÆ°á»i ta Ä‘Ã£ ná»‘ ko dÃ¹ng dá»‹ch vá»¥ TV rá»“i thÃ¬ Ä‘Æ°a gÃ³i khÃ¡c cho khÃ¡ch Ä‘i, lÃ m khÃ¡ch hÃ ng giáº­n rá»“i má»›i Ä‘Æ°a ra giáº£i phÃ¡p khÃ¡c.",4 nÄƒm trÆ°á»›c,4 sao
Du Chu,"Äá»‹a Ä‘iá»ƒm PhÃ²ng giao dá»‹ch FPT Telecom lÃ¢u Ä‘á»i, vá»‹ trÃ­ Ä‘áº¹p, thÃ´ng thoÃ¡ng dá»… tÃ¬m CÃ¡c báº¡n phá»¥c vá»¥ cÅ©ng khÃ¡ chuyÃªn nghiá»‡p Báº¡n cÃ³ thá»ƒ Ä‘Ã³ng cÆ°á»›c internet, truyá»n hÃ¬nh á»Ÿ Ä‘Ã¢y Hoáº·c báº¡n cÃ³ thá»ƒ Ä‘Äƒng kÃ½ má»›i FPT Play Box Ä‘iá»u khiá»ƒn Ä‘Æ°á»£c giá»ng nÃ³i khÃ¡ hay",3 nÄƒm trÆ°á»›c,4 sao
Loving Living Learning (Cáº§u ná»›i khá»Ÿi nghiá»‡p),"CÃ¡c em phá»¥c vá»¥ ráº¥t tá»‘t, vÃ  lá»‹ch sá»± ná»¯a. Dá»‹ch vá»¥ tÆ° nhÃ¢n thÃ¬ lÃºc nÃ o cÅ©ng váº­y.",6 nÄƒm trÆ°á»›c,4 sao
Äáº·ng Trung Tháº¯ng,"nÆ¡i lÃ m viá»‡c ráº¥t thoáº£i mÃ¡i, nhÃ¢n viÃªn cÅ©ng táº­n tÃ¬nh há»i kÄ© lÆ°á»¡ng thÃ¡i Ä‘á»™ táº­n tÃ¢m.",8 nÄƒm trÆ°á»›c,4 sao
Patrick Huy Luu Ngoc,"Chi nhÃ¡nh á»Ÿ Ä‘Ã¢y há»— trá»£ nhiá»‡t tÃ¬nh, TÃ´i Ä‘áº¿n Ä‘Ã³ng tiá»n nhÃ¢n viÃªn thÃ¢n thiá»‡n vÃ  há»— trá»£ ráº¥t nhanh",7 nÄƒm trÆ°á»›c,5 sao
WB BEAR,"CÃ¡ch nÃ³i chuyá»‡n vá»›i khÃ¡ch hÃ ng lá»‹ch sá»±, chuyÃªn nghiá»‡p.",2 nÄƒm trÆ°á»›c,5 sao
CÆ°Æ¡ng Pháº¡m,K bao giá» sá»­ dá»¥ng láº¡i dá»‹ch vá»¥ bÃªn nÃ y.,2 nÄƒm trÆ°á»›c,1 sao
Lá»™c Bá»™t,NhÃ¢n viÃªn quáº§y phÃ²ng giao dá»‹ch ráº¥t nhiá»‡t tÃ¬nh vÃ  chu Ä‘Ã¡o,5 nÄƒm trÆ°á»›c,5 sao
Dainam Tran,"NhÃ¢n viÃªn chÆ°a nhiá»‡t tÃ¬nh láº¯m, cháº¯c fpt tráº£ lÆ°Æ¡ng bÃ¨o quÃ¡ hay sao Ã¡.",5 nÄƒm trÆ°á»›c,5 sao
nguyen thi tuyet Chinh,"NhÃ¢n viÃªn tÆ° váº¥n ráº¥t nhiá»‡t tÃ¬nh, lá»‹ch sá»±, Ä‘áº§y Ä‘á»§ thÃ´ng tin.",5 nÄƒm trÆ°á»›c,5 sao
TÃ¢n LÃª,Tá»•ng Ä‘Ã i vÃ  nhÃ¢n viÃªn á»Ÿ Ä‘Ã¢y khÃ´ng lÃ m viá»‡c nháº¥t quÃ¡n,3 nÄƒm trÆ°á»›c,1 sao
Kc Tuan,Gháº¿ má»›i sÆ¡n mÃ  khÃ´ng bÃ¡o khÃ¡ch Ä‘á»ƒ khÃ¡ch ngá»“i lÃªn hÆ° bÃ  cÃ¡i wuaanf ğŸ˜­ğŸ˜­ğŸ˜­ â€¦,4 nÄƒm trÆ°á»›c,2 sao
Hoaithong Pham,NÆ¡i giao dá»‹ch tá»‘t giáº£i quyáº¿t má»i tháº¯c máº¯c vá» internet cho kh cá»±c tá»‘t..,3 nÄƒm trÆ°á»›c,5 sao
Linh Vu,"NhÃ¢n viÃªn hÃ´Ìƒ trÆ¡Ì£ nhiÃªÌ£t tiÌ€nh, laÌ€m thuÌ‰ tuÌ£c nhanh goÌ£n",5 nÄƒm trÆ°á»›c,5 sao
ThucTC,"Chá»• nÃ y tiá»‡n nÃ , ráº£nh ráº£nh qua nhÃ  anh Ngá»c SÆ¡n chÆ¡i.",7 nÄƒm trÆ°á»›c,5 sao
Hong An Thai,ThÃ¡i Ä‘á»™ phá»¥c vá»¥ vÃ  cháº¥t lÆ°á»£ng dá»‹ch vá»¥ ráº¥t tá»‘t !!,6 nÄƒm trÆ°á»›c,4 sao
Phong Nguyá»…n,NÆ¡i má»i ngÆ°á»£i Ä‘Äƒng kÃ½ máº¡ng vÃ  truyá»n hÃ¬nh tá»‘t nháº¥t cá»§a fpt,5 nÄƒm trÆ°á»›c,5 sao
TÃ i GiÃ¡p Äá»©c,KhÃ¡ lÃ  ok,má»™t nÄƒm trÆ°á»›c,5 sao
Vu Lu,"Phá»¥c vá»¥ tá»‘t, nhÃ¢n viÃªn thÃ¢n thiá»‡n Ã¢n cáº§n",5 nÄƒm trÆ°á»›c,5 sao
phuc ho vinh,NhÃ¢n viÃªn ráº¥t thÃ¢n thiá»‡n vá»›i khÃ¡ch hÃ ng,6 nÄƒm trÆ°á»›c,4 sao
Tuan Truong Cong,ÄÄƒng kÃ½ internet. Nhanh ThÃ¢n thiá»‡n,má»™t nÄƒm trÆ°á»›c,5 sao
Hoang Cong Dung,"Phá»¥c vá»¥ tá»‘t, vÄƒn minh, thÃ¢n thiá»‡n",3 nÄƒm trÆ°á»›c,5 sao
Thay tao Hk,Rat ok... Nv nhjet tjnh va de thuong,4 nÄƒm trÆ°á»›c,5 sao
Pvl Demo,ThÃ¡i Ä‘á»™ khÃ¡ tá»‘t trá»« nhá»¯ng lÃºc há» má»‡t ra,4 nÄƒm trÆ°á»›c,3 sao
Cao VÄƒn Anh,"Chá»— nÃ y tá»‘t nÃ¨ , báº£o vá»‡ bao nhiá»‡t tÃ¬nh",5 nÄƒm trÆ°á»›c,4 sao
LÃ¢m DÆ°Æ¡ng,"Lá»‹ch sá»±, phong cÃ¡ch tiáº¿p Ä‘Ã³n khÃ¡ch tá»‘t.",4 nÄƒm trÆ°á»›c,5 sao
NgÆ° VÆ°Æ¡ng,TÃ´i ráº¥t hÃ i lÃ²ng vá»›i cháº¥t lÆ°á»£ng dá»‹ch vá»¥ cá»§a FPT Telecom,7 nÄƒm trÆ°á»›c,5 sao
PhÃºc Huá»³nh TÃ¢m Há»“ng,Chiáº¿n dá»‹ch FPT telecom,6 nÄƒm trÆ°á»›c,5 sao
Há»c LÃª,Chá»‹ nhÃ¢n viÃªn dá»… thÆ°Æ¡ng.,6 nÄƒm trÆ°á»›c,4 sao
hoang Thanh,"láº¯p Ä‘áº·t internet ,Wifi truyá»n hÃ¬nh fpt quáº­n 1",8 nÄƒm trÆ°á»›c,5 sao
N P,Fpt bÃ³p bÄƒng thÃ´ng cá»§a khÃ¡ch hÃ ng.,2 nÄƒm trÆ°á»›c,1 sao
TrÆ°á»ng nguyá»…n TCTV,"Dá»‹ch vá»¥ cá»§a FPT telecom ráº¥t OK, dá»‹ch vá»¥ tá»‘t",3 nÄƒm trÆ°á»›c,5 sao
ERA è¶Šå—æˆ¿åœ°ç”¢é›†åœ˜- Jason Huang å…ˆç”Ÿ è¶Šå—æœ¬åœ°è¯äºº,Phá»¥c vá»¥ tá»‘t,3 nÄƒm trÆ°á»›c,5 sao
Ho Le Long,NhÃ¢n viÃªn vui váº».,3 nÄƒm trÆ°á»›c,5 sao
Kun Zen,Dá»‹ch vá»¥ tá»‘t,2 nÄƒm trÆ°á»›c,5 sao
Minh Hiáº¿u Cao,Phá»¥c vá»¥ nhanh,4 nÄƒm trÆ°á»›c,5 sao
Tráº§n PhÆ°Æ¡ng NguyÃªn,VÄƒn phÃ²ng Ä‘áº¹p,6 nÄƒm trÆ°á»›c,4 sao
Hieu To,Noi toi lam viec,7 nÄƒm trÆ°á»›c,5 sao
Jenny Adelia,NhÃ¢n viÃªn nhiá»‡t tiÌ€nh,5 nÄƒm trÆ°á»›c,5 sao
HÃ´Ì€ng LiÌƒnh NguyÃªÌƒn,ThÃ¢n thiá»‡n vui váº»,2 nÄƒm trÆ°á»›c,5 sao
Cuong Khac,Báº£o hÃ nh tá»‘t,4 nÄƒm trÆ°á»›c,5 sao
Thá»‘ng Äinh,CÆ°á»›c hÆ¡i cao.,5 nÄƒm trÆ°á»›c,1 sao
Cao Mr,Phá»¥c vá»¥ nhanh,4 nÄƒm trÆ°á»›c,4 sao
Huynh Dao,"CÃ¡c dá»‹ch vá»¥ internet, TV...",6 nÄƒm trÆ°á»›c,3 sao
ChÃ­ TÃ¢m LÆ°,ThÃ¡i Ä‘á»™ nhiá»‡t tÃ¬nh,5 nÄƒm trÆ°á»›c,5 sao
Thai LÆ°Æ¡ng,Dep va lon,5 nÄƒm trÆ°á»›c,4 sao
Be Ba Tran,Tá»‘t,má»™t nÄƒm trÆ°á»›c,5 sao
Giao Nguyen,ThÆ°á»ng thÃ´i,5 nÄƒm trÆ°á»›c,1 sao
KhÃ¡nh Ho,Nhanh chÃ³ng,4 nÄƒm trÆ°á»›c,5 sao
binh phan thanh,quÃ¡ tuyá»‡t..,9 nÄƒm trÆ°á»›c,5 sao
Trinh HUA,124 SÆ°Æ¡ng Nguyá»‡t Anh Q1,6 nÄƒm trÆ°á»›c,5 sao
kiá»u há»“ thá»‹ thÃºy,ChuyÃªn nghiá»‡p,3 nÄƒm trÆ°á»›c,5 sao
Láº­p Tráº§n ÄÃ¬nh,Sang trá»ng,5 nÄƒm trÆ°á»›c,4 sao
Pvtho,ChuyÃªn nghiá»‡p,8 nÄƒm trÆ°á»›c,5 sao
Byron Phillips,NhÃ¢n viÃªn há»¯u Ã­ch nÃ³i tiáº¿ng Anh Ä‘á»§ tá»‘t. TÃ´i Ä‘Ã£ cÃ³ thá»ƒ Ä‘Äƒng kÃ½ gÃ³i internet vÃ  truyá»n hÃ¬nh ngay táº¡i chá»— vÃ  ká»¹ thuáº­t viÃªn Ä‘Ã£ Ä‘áº¿n vÃ o ngÃ y hÃ´m sau Ä‘á»ƒ cÃ i Ä‘áº·t. Ká»¹ thuáº­t viÃªn nÃ³i tiáº¿ng Anh tá»‘t vÃ  cÅ©ng ráº¥t há»¯u Ã­ch vÃ  thÃ¢n thiá»‡n!,2 nÄƒm trÆ°á»›c,5 sao
í•˜ì¬ìš±,ThÃ¢n thiá»‡n vÃ  phá»¥c vá»¥ Tá»T,4 nÄƒm trÆ°á»›c,5 sao
Hau Nguyen,Dá»‹ch vá»¥ há»¯u Ã­ch nhanh chÃ³ng,5 nÄƒm trÆ°á»›c,4 sao
Jihad Sheikhhassan,"Thiáº¿u kiáº¿n â€‹â€‹thá»©c, giao tiáº¿p kÃ©m",5 nÄƒm trÆ°á»›c,2 sao
Lam Ngoc Nguyen,NhÃ  cung cáº¥p dá»‹ch vá»¥ Internet tá»‘t,6 nÄƒm trÆ°á»›c,5 sao
Duy Nguyá»…n,Dá»‹ch vá»¥ khÃ¡ch hÃ ng kÃ©m.,9 nÄƒm trÆ°á»›c,1 sao
6789 Hiroshima (Hiro Shima_6789),ÄÆ°á»£c rá»“i,2 nÄƒm trÆ°á»›c,5 sao
Thu Hiá»n Huá»³nh Thá»‹,Tá»‘t,2 nÄƒm trÆ°á»›c,5 sao
Anh HoÃ ng,Äáº¹p,5 nÄƒm trÆ°á»›c,5 sao
ÄIá»€M NGUYá»„N,Äáº¾N,6 nÄƒm trÆ°á»›c,5 sao
Hiáº¿u Nguyá»…n Kháº¯c,CÃ´ng ty cá»§a tÃ´i,8 nÄƒm trÆ°á»›c,5 sao
Nguyen Quoc Cuong,Xinbchao,8 nÄƒm trÆ°á»›c,3 sao
ThÃ­ch Thanh ToÃ¡n,,3 thÃ¡ng trÆ°á»›c,5 sao
tiáº¿n thuáº­n lÃ¢m,,4 thÃ¡ng trÆ°á»›c,4 sao
Trung Thai,,má»™t nÄƒm trÆ°á»›c,4 sao
CÆ°á»ng Nguyá»…n lÃª,,má»™t nÄƒm trÆ°á»›c,3 sao
DUY NGUYá»„N PHáº M,,2 nÄƒm trÆ°á»›c,5 sao
Vietcuong Nguyen,,2 nÄƒm trÆ°á»›c,5 sao
Tuan Huy Nguyen,,2 nÄƒm trÆ°á»›c,5 sao
KEM CHANNEL,,3 nÄƒm trÆ°á»›c,5 sao
Tri Nguyen,,3 nÄƒm trÆ°á»›c,3 sao
Nguyá»…n DÆ° Quá»‘c Anh,,3 nÄƒm trÆ°á»›c,5 sao
Tien Dung Nguyen,,3 nÄƒm trÆ°á»›c,2 sao
Minh Thang Nguyen,,3 nÄƒm trÆ°á»›c,5 sao
anh kim,,3 nÄƒm trÆ°á»›c,5 sao
Keious,,3 nÄƒm trÆ°á»›c,5 sao
To van giac,,3 nÄƒm trÆ°á»›c,5 sao
Dung Ho,,3 nÄƒm trÆ°á»›c,5 sao
Thiá»‡n Pháº¡m,,3 nÄƒm trÆ°á»›c,5 sao
Huá»³nh QuÃ¢n,,3 nÄƒm trÆ°á»›c,5 sao
Tin Nguyen,,3 nÄƒm trÆ°á»›c,5 sao
Tráº§n Cáº£nh,,3 nÄƒm trÆ°á»›c,2 sao
Chop TRAN,,3 nÄƒm trÆ°á»›c,5 sao
tuan nguyen,,3 nÄƒm trÆ°á»›c,3 sao
Hieu Nguyen,,4 nÄƒm trÆ°á»›c,5 sao
DÆ°Æ¡ng Pháº¡m ThÃ¹y,,4 nÄƒm trÆ°á»›c,5 sao
VÄƒn BÃ© LÃª LÃª,Ä‘Æ°á»£c ğŸ‘ â€¦,4 nÄƒm trÆ°á»›c,3 sao
Anh Tu Vu Phan,,4 nÄƒm trÆ°á»›c,5 sao
Tung Tran Thanh,ÄÆ°á»£c rá»“i,4 nÄƒm trÆ°á»›c,4 sao
Phá»Ÿ khÃ´ Gia Lai (HÃ¡ Táº¯c kÃ½ food),,4 nÄƒm trÆ°á»›c,4 sao
QuÃ¡ch Thá»‹ BÃ­ch ThÃ¹y,ÄÆ°á»£c rá»“i,4 nÄƒm trÆ°á»›c,5 sao
BUDO (BUDO),,4 nÄƒm trÆ°á»›c,5 sao
NÃ¨ Ã,,4 nÄƒm trÆ°á»›c,5 sao
dan phanvan,,4 nÄƒm trÆ°á»›c,5 sao
Tuáº¥n Thanh (Piti),,4 nÄƒm trÆ°á»›c,5 sao
DÆ¯Æ NG KIM NGOC,,4 nÄƒm trÆ°á»›c,3 sao
Phan Vibao,,4 nÄƒm trÆ°á»›c,5 sao
Quang Minh Pham,,4 nÄƒm trÆ°á»›c,5 sao
Dung NguyenManh,,4 nÄƒm trÆ°á»›c,4 sao
Quang VÅ©,,4 nÄƒm trÆ°á»›c,4 sao
Dzung Pham,,4 nÄƒm trÆ°á»›c,4 sao
Binh Tran,,4 nÄƒm trÆ°á»›c,5 sao
Nabi Channel,,4 nÄƒm trÆ°á»›c,5 sao
Thao Chu VÄƒn,,4 nÄƒm trÆ°á»›c,4 sao
Quan Duong,,4 nÄƒm trÆ°á»›c,5 sao
phan luu,,5 nÄƒm trÆ°á»›c,2 sao
Pham Huy Thang,,5 nÄƒm trÆ°á»›c,4 sao
Thá»‹ Cáº©m Nhung Tráº§n,,5 nÄƒm trÆ°á»›c,3 sao
Thach Chinh,,5 nÄƒm trÆ°á»›c,5 sao
An-Vinh Luong,,5 nÄƒm trÆ°á»›c,5 sao
Hung Ngo,,5 nÄƒm trÆ°á»›c,5 sao
Huy Mai,,5 nÄƒm trÆ°á»›c,4 sao
Ngá»c TrÆ°Æ¡ng Quang,,5 nÄƒm trÆ°á»›c,4 sao
THáº®NG QUANG,,5 nÄƒm trÆ°á»›c,3 sao
Mi Phan Há»a,,5 nÄƒm trÆ°á»›c,5 sao
Son Pham Thanh,,5 nÄƒm trÆ°á»›c,3 sao
Anh Pham,,5 nÄƒm trÆ°á»›c,3 sao
HoÃ ng SÆ¡n,,5 nÄƒm trÆ°á»›c,5 sao
giang lÃ m game,,5 nÄƒm trÆ°á»›c,5 sao
SÆ¡n HÃ  DÆ°Æ¡ng,,5 nÄƒm trÆ°á»›c,5 sao
Thá»ƒ Khang Nguyá»…n,,5 nÄƒm trÆ°á»›c,5 sao
Tinh Nguyen,,5 nÄƒm trÆ°á»›c,5 sao
Nguyá»…n PhÃº (Nguyá»…n PhÃº Cameraman),,5 nÄƒm trÆ°á»›c,5 sao
quÃ¢n huá»³nh,,5 nÄƒm trÆ°á»›c,1 sao
Thanh Le quoc,ÄÆ°á»£c rá»“i,5 nÄƒm trÆ°á»›c,3 sao
Quy Hoang,,5 nÄƒm trÆ°á»›c,5 sao
Phan Lam Duy Man,,5 nÄƒm trÆ°á»›c,5 sao
Tuan Nguyen,,5 nÄƒm trÆ°á»›c,1 sao
VÄ© Nguyá»…n Triá»‡u,,5 nÄƒm trÆ°á»›c,5 sao
Anh HÃ  Thá»‹ TrÃ¢m,,5 nÄƒm trÆ°á»›c,4 sao
LÃª ThÃ¡i,,5 nÄƒm trÆ°á»›c,3 sao
THANH DUONG NGUYEN DUY,,5 nÄƒm trÆ°á»›c,4 sao
chung bui,,5 nÄƒm trÆ°á»›c,5 sao
MAN LE,,5 nÄƒm trÆ°á»›c,5 sao
Johan Bokhari Mohamad Abu Bakar,,5 nÄƒm trÆ°á»›c,5 sao
HÃ¢n Ngá»c,,5 nÄƒm trÆ°á»›c,1 sao
Há»¯u Doanh Nguyá»…n,,5 nÄƒm trÆ°á»›c,5 sao
Hongdang Do,,5 nÄƒm trÆ°á»›c,4 sao
Tai Nguyen,,6 nÄƒm trÆ°á»›c,5 sao
ngoc quoc Pham,,6 nÄƒm trÆ°á»›c,5 sao
Thanh Tháº£o Nguyá»…n,ÄÆ°á»£c rá»“i,6 nÄƒm trÆ°á»›c,5 sao
Nhi Äáº·ng Thá»‹ Ngá»c,,6 nÄƒm trÆ°á»›c,5 sao
Háº£i Phong Tráº§n,,6 nÄƒm trÆ°á»›c,5 sao
Huyen Dieu Nguyen,,6 nÄƒm trÆ°á»›c,5 sao
Yuri TrÆ°Æ¡ng,,6 nÄƒm trÆ°á»›c,5 sao
PhÆ°Æ¡ng Nguyá»…n,ÄÆ°á»£c rá»“i,6 nÄƒm trÆ°á»›c,4 sao
Huy Pham,,7 nÄƒm trÆ°á»›c,5 sao
Trá»ng LÃ½ LÃª CÃ¡t,,7 nÄƒm trÆ°á»›c,5 sao
Nguyen Tuong Lai,,7 nÄƒm trÆ°á»›c,5 sao
Quynh Anh,,7 nÄƒm trÆ°á»›c,5 sao
Dung Le Thuy,,7 nÄƒm trÆ°á»›c,5 sao
Hieu Chu Quang,ÄÆ¯á»¢C Rá»’I,7 nÄƒm trÆ°á»›c,5 sao
Ninh Trong Khanh,,7 nÄƒm trÆ°á»›c,5 sao
Hoa Tran,,7 nÄƒm trÆ°á»›c,5 sao
Hung Ha Viet,,8 nÄƒm trÆ°á»›c,5 sao
Dung Tran Quoc,,8 nÄƒm trÆ°á»›c,3 sao
Phung Nguyen Minh,,8 nÄƒm trÆ°á»›c,4 sao
Duy Nguyá»…n,,11 nÄƒm trÆ°á»›c,4 sao
A Levan,"Há»‡ thá»‘ngTáº¡i2024/04/18 (Thu) 23:29Gá»­i Ä‘i  Má»¥c tiÃªu cá»§a J88 lÃ  giÃºp nhá»¯ng ngÆ°á»i Ä‘am mÃª Báº®N CÃ kiáº¿m Ä‘Æ°á»£c tháº­t nhiá»u tiá»n má»—i ngÃ y, tham gia Báº®N CÃ táº¡i J88 lÃ  báº¡n cÃ³ thá»ƒ nháº­n thÆ°á»Ÿng LÃ¬ XÃ¬ may máº¯n Ä‘á»™c quyá»n. ChÆ¡i cÃ ng nhiá»u, nháº­n lÃ¬ xÃ¬ lÃºc 14h00 hÃ ng ngÃ y cÃ ng lá»›n, rá»§ báº¡n bÃ¨ tham gia J88 ngay vá»«a chÆ¡i game hay láº¡i cÃ²n cÃ³ nhiá»u tiá»n thÆ°á»Ÿng ! Nhanh tay tham gia J88 nháº­n thÆ°á»Ÿng 14h00 hÃ ng ngÃ y !",5 thÃ¡ng trÆ°á»›c,5 sao
Linh Tuáº¥n,MÃ¬nh Ä‘i vÃ´ mua tháº» GARENA 100k...Ä‘em vá» tá»›i nhÃ  tháº» GATE 100K... rá»“i lÃ m gÃ¬ vs cÃ¡i tháº» giá»...lÃºc vÃ´ thÃ¬ nÃ³ má»Ÿ nháº¡c Ä‘Ã¹ng Ä‘Ã¹ng Ä‘Ã¹ng,4 nÄƒm trÆ°á»›c,1 sao
FirePoAm,"NhÃ¢n viÃªn tÆ° váº¥n nhiá»‡t tÃ¬nh, gá»£i Ã½ nhá»¯ng gÃ³i cÆ°á»›c cÃ³ lá»£i cho khÃ¡ch hÃ ng. Láº¯p Ä‘áº·t Internet nhanh chÃ³ng, sÃ¡ng Ä‘áº¿n lÃ m thá»§ tá»¥c Ä‘Ã³ng tiá»n, chiá»u Ä‘Ã£ cÃ³ nhÃ¢n viÃªn tá»›i láº¯p rá»“i. Vá»‹ trÃ­ chi nhÃ¡nh cÅ©ng á»Ÿ trung tÃ¢m, nÃªn thuáº­n tiá»‡n cho giao dá»‹ch",5 nÄƒm trÆ°á»›c,5 sao
Nguyen Ho Chi,"Máº¡ng máº¡nh, truyá»n hÃ¬nh hay.",10 thÃ¡ng trÆ°á»›c,5 sao
VI NoOb,NhÃ¢n viÃªn phá»¥c vá»¥ táº­n tÃ¬nh. Cháº¥t lÆ°á»£ng dá»‹ch vá»¥ khÃ¡ tá»‘t.,5 nÄƒm trÆ°á»›c,5 sao
Quoc Lap Nguyen,"Cung cÃ¡ch phá»¥c vá»¥ chuyÃªn nghiá»‡p, Ä‘áº³ng cáº¥p",5 nÄƒm trÆ°á»›c,4 sao
nguyenthu huyen,"Phá»¥c vá»¥ nhiá»‡t tÃ¬nh, nhanh chÃ³ng",5 nÄƒm trÆ°á»›c,4 sao
Nháº­t Minh Tráº§n,ÄÄƒng kÃ­ thuÃª bao nhanh gá»n.,7 nÄƒm trÆ°á»›c,5 sao
Tuáº¥n YASUA,"Tá»‘t , nhÃ¢n viÃªn nhiá»‡t thÃ¬nh",5 nÄƒm trÆ°á»›c,5 sao
Huá»³nh Duy TÃ¢n,Phá»¥c vá»¥ tá»‘t,5 nÄƒm trÆ°á»›c,4 sao
Nam Tráº§n PhÆ°Æ¡ng,Äá» xuáº¥t Ä‘á»‹a chá»‰ nÃ y,10 nÄƒm trÆ°á»›c,5 sao
Lá»¯ Trá»ng NguyÃªn (Báº¡c LiÃªu),tuyá»‡t vá»i,7 nÄƒm trÆ°á»›c,5 sao
Minh LÃ½ TrÆ°Æ¡ng,Tá»‘ vÃµ,7 nÄƒm trÆ°á»›c,5 sao
Thanh Nguyen,MÃ¬nh chÆ°a Ä‘áº¿n Ä‘Ã¢y,4 nÄƒm trÆ°á»›c,3 sao
Nguyá»…n PhÆ°Æ¡ng Mi,Khong chat luong,5 nÄƒm trÆ°á»›c,1 sao
TVX 247,ÄÆ°á»£c,4 nÄƒm trÆ°á»›c,5 sao
Tan Nguyen,ÄÆ°á»£c rá»“i,8 nÄƒm trÆ°á»›c,5 sao
SÃ³ng Nháº¡c VM,Xáº¥u,7 nÄƒm trÆ°á»›c,1 sao
Rick Lee,Tá»‘t,7 nÄƒm trÆ°á»›c,5 sao
ÄÃ o Quá»‘c Tuáº¥n,,4 thÃ¡ng trÆ°á»›c,5 sao
thanh hoang,,10 thÃ¡ng trÆ°á»›c,5 sao
VÄƒn Hiáº¿u Chung,,4 nÄƒm trÆ°á»›c,5 sao
NhÃ¢n Pháº¡m VÄƒn,,4 nÄƒm trÆ°á»›c,5 sao
duy pháº¡m vÄƒn,,4 nÄƒm trÆ°á»›c,3 sao
Nguyá»…n Nam,,4 nÄƒm trÆ°á»›c,4 sao
Cao Chi Hao,,4 nÄƒm trÆ°á»›c,4 sao
Convert Tuyen chon,,5 nÄƒm trÆ°á»›c,4 sao
Tiá»ƒu BÃ¬nh Tá»­ (NhÃ³c DÃ¢u),,5 nÄƒm trÆ°á»›c,5 sao
Mil Nguyá»…n,,5 nÄƒm trÆ°á»›c,5 sao
NGUYá»„N HÃ™NG,,5 nÄƒm trÆ°á»›c,5 sao
Viá»‡t TÃ¨o Äáº·ng,,5 nÄƒm trÆ°á»›c,4 sao
TrÆ°á»ng Láº¡c Cao,,5 nÄƒm trÆ°á»›c,3 sao
behai nguyenthi,,6 nÄƒm trÆ°á»›c,5 sao
ChÃ¢u Trung KiÃªn,,6 nÄƒm trÆ°á»›c,5 sao
Anh Pham Tuan,,6 nÄƒm trÆ°á»›c,5 sao
Tam Doanthanh,,7 nÄƒm trÆ°á»›c,1 sao
CM PT,,7 nÄƒm trÆ°á»›c,4 sao
Chi Linh Truong,,7 nÄƒm trÆ°á»›c,5 sao
Thoang Thanh,,7 nÄƒm trÆ°á»›c,4 sao
My Phan,,8 nÄƒm trÆ°á»›c,5 sao
ÄÃ¬nh DuyÃªn,ÄÆ°á»£c rá»“i,9 nÄƒm trÆ°á»›c,5 sao
ÄÃ o Quá»‘c Tuáº¥n,N/A,4 thÃ¡ng trÆ°á»›c,5 sao
thanh hoang,N/A,10 thÃ¡ng trÆ°á»›c,5 sao
VÄƒn Hiáº¿u Chung,N/A,4 nÄƒm trÆ°á»›c,5 sao
NhÃ¢n Pháº¡m VÄƒn,N/A,4 nÄƒm trÆ°á»›c,5 sao
duy pháº¡m vÄƒn,N/A,4 nÄƒm trÆ°á»›c,3 sao
Nguyá»…n Nam,N/A,4 nÄƒm trÆ°á»›c,4 sao
Cao Chi Hao,N/A,4 nÄƒm trÆ°á»›c,4 sao
Convert Tuyen chon,N/A,5 nÄƒm trÆ°á»›c,4 sao
Tiá»ƒu BÃ¬nh Tá»­ (NhÃ³c DÃ¢u),N/A,5 nÄƒm trÆ°á»›c,5 sao
Mil Nguyá»…n,N/A,5 nÄƒm trÆ°á»›c,5 sao
NGUYá»„N HÃ™NG,N/A,5 nÄƒm trÆ°á»›c,5 sao
Viá»‡t TÃ¨o Äáº·ng,N/A,5 nÄƒm trÆ°á»›c,4 sao
TrÆ°á»ng Láº¡c Cao,N/A,5 nÄƒm trÆ°á»›c,3 sao
behai nguyenthi,N/A,6 nÄƒm trÆ°á»›c,5 sao
ChÃ¢u Trung KiÃªn,N/A,6 nÄƒm trÆ°á»›c,5 sao
Anh Pham Tuan,N/A,6 nÄƒm trÆ°á»›c,5 sao
Tam Doanthanh,N/A,7 nÄƒm trÆ°á»›c,1 sao
CM PT,N/A,7 nÄƒm trÆ°á»›c,4 sao
Chi Linh Truong,N/A,7 nÄƒm trÆ°á»›c,5 sao
Thoang Thanh,N/A,7 nÄƒm trÆ°á»›c,4 sao
My Phan,N/A,8 nÄƒm trÆ°á»›c,5 sao
